N,V,Ls,dcmax,dc_crits
1000000,4.0e6,0.1,1.5,1.33065664768219
1000000,4.0e6,0.10390390390390392,1.5,1.325055480003357
1000000,4.0e6,0.10780780780780781,1.5,1.32767915725708
1000000,4.0e6,0.11171171171171171,1.5,1.3197063207626343
1000000,4.0e6,0.11561561561561562,1.5,1.3218591213226318
1000000,4.0e6,0.11951951951951953,1.5,1.3190369606018066
1000000,4.0e6,0.12342342342342343,1.5,1.315769910812378
1000000,4.0e6,0.12732732732732735,1.5,1.3132597208023071
1000000,4.0e6,0.13123123123123123,1.5,1.3134574890136719
1000000,4.0e6,0.13513513513513514,1.5,1.313165545463562
1000000,4.0e6,0.13903903903903903,1.5,1.313978910446167
1000000,4.0e6,0.14294294294294296,1.5,1.3119211196899414
1000000,4.0e6,0.14684684684684685,1.5,1.3123100996017456
1000000,4.0e6,0.15075075075075076,1.5,1.308509111404419
1000000,4.0e6,0.15465465465465467,1.5,1.302471399307251
1000000,4.0e6,0.15855855855855858,1.5,1.3014729022979736
1000000,4.0e6,0.1624624624624625,1.5,1.2972770929336548
1000000,4.0e6,0.16636636636636637,1.5,1.2990508079528809
1000000,4.0e6,0.17027027027027025,1.5,1.2963982820510864
1000000,4.0e6,0.1741741741741742,1.5,1.2957897186279297
1000000,4.0e6,0.17807807807807807,1.5,1.2910212278366089
1000000,4.0e6,0.181981981981982,1.5,1.2885760068893433
1000000,4.0e6,0.1858858858858859,1.5,1.288731336593628
1000000,4.0e6,0.1897897897897898,1.5,1.283840298652649
1000000,4.0e6,0.1936936936936937,1.5,1.2833455801010132
1000000,4.0e6,0.1975975975975976,1.5,1.2823078632354736
1000000,4.0e6,0.2015015015015015,1.5,1.2792662382125854
1000000,4.0e6,0.20540540540540542,1.5,1.2793973684310913
1000000,4.0e6,0.2093093093093093,1.5,1.2757999897003174
1000000,4.0e6,0.21321321321321324,1.5,1.2738287448883057
1000000,4.0e6,0.21711711711711712,1.5,1.2754136323928833
1000000,4.0e6,0.22102102102102103,1.5,1.2728359699249268
1000000,4.0e6,0.22492492492492494,1.5,1.2717266082763672
1000000,4.0e6,0.22882882882882882,1.5,1.2651444673538208
1000000,4.0e6,0.23273273273273276,1.5,1.2672836780548096
1000000,4.0e6,0.23663663663663664,1.5,1.2663806676864624
1000000,4.0e6,0.24054054054054055,1.5,1.2624765634536743
1000000,4.0e6,0.24444444444444446,1.5,1.2615779638290405
1000000,4.0e6,0.24834834834834835,1.5,1.2544498443603516
1000000,4.0e6,0.25225225225225223,1.5,1.256639838218689
1000000,4.0e6,0.25615615615615617,1.5,1.254461646080017
1000000,4.0e6,0.26006006006006005,1.5,1.2500295639038086
1000000,4.0e6,0.263963963963964,1.5,1.25404691696167
1000000,4.0e6,0.26786786786786787,1.5,1.2478774785995483
1000000,4.0e6,0.2717717717717718,1.5,1.248002052307129
1000000,4.0e6,0.2756756756756757,1.5,1.2475203275680542
1000000,4.0e6,0.2795795795795796,1.5,1.2448447942733765
1000000,4.0e6,0.2834834834834835,1.5,1.242059350013733
1000000,4.0e6,0.2873873873873874,1.5,1.238284945487976
1000000,4.0e6,0.2912912912912913,1.5,1.2423540353775024
1000000,4.0e6,0.2951951951951952,1.5,1.2358287572860718
1000000,4.0e6,0.2990990990990991,1.5,1.2393487691879272
1000000,4.0e6,0.303003003003003,1.5,1.236845850944519
1000000,4.0e6,0.3069069069069069,1.5,1.2324066162109375
1000000,4.0e6,0.31081081081081086,1.5,1.2302497625350952
1000000,4.0e6,0.31471471471471474,1.5,1.2265905141830444
1000000,4.0e6,0.3186186186186186,1.5,1.2273192405700684
1000000,4.0e6,0.3225225225225225,1.5,1.2219181060791016
1000000,4.0e6,0.32642642642642644,1.5,1.2219555377960205
1000000,4.0e6,0.3303303303303303,1.5,1.2173511981964111
1000000,4.0e6,0.33423423423423426,1.5,1.2202430963516235
1000000,4.0e6,0.33813813813813814,1.5,1.2192407846450806
1000000,4.0e6,0.342042042042042,1.5,1.213929295539856
1000000,4.0e6,0.3459459459459459,1.5,1.2139732837677002
1000000,4.0e6,0.34984984984984985,1.5,1.2122567892074585
1000000,4.0e6,0.3537537537537538,1.5,1.2064543962478638
1000000,4.0e6,0.35765765765765767,1.5,1.2081806659698486
1000000,4.0e6,0.36156156156156155,1.5,1.2058517932891846
1000000,4.0e6,0.3654654654654655,1.5,1.2037363052368164
1000000,4.0e6,0.36936936936936937,1.5,1.2014155387878418
1000000,4.0e6,0.3732732732732733,1.5,1.2040513753890991
1000000,4.0e6,0.37717717717717714,1.5,1.1949609518051147
1000000,4.0e6,0.3810810810810811,1.5,1.1946332454681396
1000000,4.0e6,0.384984984984985,1.5,1.1949570178985596
1000000,4.0e6,0.3888888888888889,1.5,1.1955994367599487
1000000,4.0e6,0.3927927927927928,1.5,1.1925276517868042
1000000,4.0e6,0.3966966966966967,1.5,1.1922348737716675
1000000,4.0e6,0.4006006006006006,1.5,1.1878529787063599
1000000,4.0e6,0.40450450450450454,1.5,1.1886122226715088
1000000,4.0e6,0.4084084084084084,1.5,1.1838691234588623
1000000,4.0e6,0.4123123123123123,1.5,1.1808127164840698
1000000,4.0e6,0.41621621621621624,1.5,1.183573842048645
1000000,4.0e6,0.4201201201201201,1.5,1.1836193799972534
1000000,4.0e6,0.42402402402402406,1.5,1.169329047203064
1000000,4.0e6,0.42792792792792794,1.5,1.1757699251174927
1000000,4.0e6,0.4318318318318318,1.5,1.1772493124008179
1000000,4.0e6,0.43573573573573576,1.5,1.175302505493164
1000000,4.0e6,0.4396396396396396,1.5,1.169852375984192
1000000,4.0e6,0.44354354354354353,1.5,1.1667566299438477
1000000,4.0e6,0.44744744744744747,1.5,1.1661086082458496
1000000,4.0e6,0.45135135135135135,1.5,1.1645605564117432
1000000,4.0e6,0.45525525525525523,1.5,1.1618120670318604
1000000,4.0e6,0.45915915915915917,1.5,1.1633765697479248
1000000,4.0e6,0.46306306306306305,1.5,1.1630885601043701
1000000,4.0e6,0.466966966966967,1.5,1.1597646474838257
1000000,4.0e6,0.4708708708708709,1.5,1.1572567224502563
1000000,4.0e6,0.47477477477477475,1.5,1.1532896757125854
1000000,4.0e6,0.4786786786786787,1.5,1.154850959777832
1000000,4.0e6,0.4825825825825826,1.5,1.1552425622940063
1000000,4.0e6,0.4864864864864865,1.5,1.1486456394195557
1000000,4.0e6,0.49039039039039045,1.5,1.1486215591430664
1000000,4.0e6,0.4942942942942943,1.5,1.1463627815246582
1000000,4.0e6,0.4981981981981982,1.5,1.1418927907943726
1000000,4.0e6,0.502102102102102,1.5,1.1396222114562988
1000000,4.0e6,0.506006006006006,1.5,1.1393656730651855
1000000,4.0e6,0.5099099099099099,1.5,1.1381608247756958
1000000,4.0e6,0.5138138138138137,1.5,1.1370173692703247
1000000,4.0e6,0.5177177177177177,1.5,1.1372894048690796
1000000,4.0e6,0.5216216216216216,1.5,1.1324001550674438
1000000,4.0e6,0.5255255255255256,1.5,1.1310083866119385
1000000,4.0e6,0.5294294294294295,1.5,1.1284782886505127
1000000,4.0e6,0.5333333333333333,1.5,1.126682162284851
1000000,4.0e6,0.5372372372372373,1.5,1.123121738433838
1000000,4.0e6,0.5411411411411412,1.5,1.1269322633743286
1000000,4.0e6,0.545045045045045,1.5,1.1192196607589722
1000000,4.0e6,0.548948948948949,1.5,1.1213444471359253
1000000,4.0e6,0.5528528528528529,1.5,1.119053602218628
1000000,4.0e6,0.5567567567567567,1.5,1.1190910339355469
1000000,4.0e6,0.5606606606606607,1.5,1.1182172298431396
1000000,4.0e6,0.5645645645645645,1.5,1.1183171272277832
1000000,4.0e6,0.5684684684684684,1.5,1.1175110340118408
1000000,4.0e6,0.5723723723723724,1.5,1.114605188369751
1000000,4.0e6,0.5762762762762763,1.5,1.1112128496170044
1000000,4.0e6,0.5801801801801802,1.5,1.1058813333511353
1000000,4.0e6,0.5840840840840841,1.5,1.1074120998382568
1000000,4.0e6,0.587987987987988,1.5,1.1017976999282837
1000000,4.0e6,0.5918918918918918,1.5,1.0994199514389038
1000000,4.0e6,0.5957957957957958,1.5,1.101732611656189
1000000,4.0e6,0.5996996996996997,1.5,1.1005183458328247
1000000,4.0e6,0.6036036036036037,1.5,1.099794626235962
1000000,4.0e6,0.6075075075075076,1.5,1.0932782888412476
1000000,4.0e6,0.6114114114114113,1.5,1.0939935445785522
1000000,4.0e6,0.6153153153153152,1.5,1.0924097299575806
1000000,4.0e6,0.6192192192192192,1.5,1.0899847745895386
1000000,4.0e6,0.6231231231231231,1.5,1.0872238874435425
1000000,4.0e6,0.6270270270270271,1.5,1.0909665822982788
1000000,4.0e6,0.630930930930931,1.5,1.0858818292617798
1000000,4.0e6,0.6348348348348348,1.5,1.0836501121520996
1000000,4.0e6,0.6387387387387388,1.5,1.0837243795394897
1000000,4.0e6,0.6426426426426426,1.5,1.080519199371338
1000000,4.0e6,0.6465465465465465,1.5,1.0772465467453003
1000000,4.0e6,0.6504504504504505,1.5,1.0838276147842407
1000000,4.0e6,0.6543543543543543,1.5,1.0746527910232544
1000000,4.0e6,0.6582582582582582,1.5,1.0773755311965942
1000000,4.0e6,0.6621621621621622,1.5,1.070981502532959
1000000,4.0e6,0.6660660660660661,1.5,1.0736454725265503
1000000,4.0e6,0.66996996996997,1.5,1.069770336151123
1000000,4.0e6,0.6738738738738739,1.5,1.0658963918685913
1000000,4.0e6,0.6777777777777778,1.5,1.06365966796875
1000000,4.0e6,0.6816816816816816,1.5,1.0673719644546509
1000000,4.0e6,0.6855855855855856,1.5,1.0624208450317383
1000000,4.0e6,0.6894894894894895,1.5,1.0622634887695312
1000000,4.0e6,0.6933933933933935,1.5,1.0586588382720947
1000000,4.0e6,0.6972972972972973,1.5,1.0538103580474854
1000000,4.0e6,0.7012012012012012,1.5,1.0591590404510498
1000000,4.0e6,0.7051051051051052,1.5,1.058943510055542
1000000,4.0e6,0.7090090090090091,1.5,1.0515538454055786
1000000,4.0e6,0.7129129129129129,1.5,1.0495907068252563
1000000,4.0e6,0.7168168168168167,1.5,1.048478364944458
1000000,4.0e6,0.7207207207207207,1.5,1.0498024225234985
1000000,4.0e6,0.7246246246246246,1.5,1.0450206995010376
1000000,4.0e6,0.7285285285285286,1.5,1.047117829322815
1000000,4.0e6,0.7324324324324325,1.5,1.0451931953430176
1000000,4.0e6,0.7363363363363363,1.5,1.044508457183838
1000000,4.0e6,0.7402402402402402,1.5,1.0408847332000732
1000000,4.0e6,0.7441441441441441,1.5,1.038928747177124
1000000,4.0e6,0.748048048048048,1.5,1.037258505821228
1000000,4.0e6,0.751951951951952,1.5,1.0358381271362305
1000000,4.0e6,0.7558558558558559,1.5,1.035606861114502
1000000,4.0e6,0.7597597597597597,1.5,1.0320698022842407
1000000,4.0e6,0.7636636636636637,1.5,1.0311164855957031
1000000,4.0e6,0.7675675675675676,1.5,1.032127022743225
1000000,4.0e6,0.7714714714714714,1.5,1.023103952407837
1000000,4.0e6,0.7753753753753754,1.5,1.02693510055542
1000000,4.0e6,0.7792792792792792,1.5,1.0269900560379028
1000000,4.0e6,0.7831831831831831,1.5,1.021973729133606
1000000,4.0e6,0.7870870870870871,1.5,1.0222313404083252
1000000,4.0e6,0.790990990990991,1.5,1.0190633535385132
1000000,4.0e6,0.794894894894895,1.5,1.0126268863677979
1000000,4.0e6,0.7987987987987988,1.5,1.014987587928772
1000000,4.0e6,0.8027027027027027,1.5,1.0127079486846924
1000000,4.0e6,0.8066066066066067,1.5,1.0141338109970093
1000000,4.0e6,0.8105105105105105,1.5,1.0114097595214844
1000000,4.0e6,0.8144144144144144,1.5,1.0113303661346436
1000000,4.0e6,0.8183183183183184,1.5,1.0057858228683472
1000000,4.0e6,0.8222222222222222,1.5,1.0081042051315308
1000000,4.0e6,0.8261261261261261,1.5,1.006398320198059
1000000,4.0e6,0.8300300300300301,1.5,1.002852201461792
1000000,4.0e6,0.833933933933934,1.5,0.9999327063560486
1000000,4.0e6,0.8378378378378379,1.5,1.0003166198730469
1000000,4.0e6,0.8417417417417417,1.5,0.9966794848442078
1000000,4.0e6,0.8456456456456456,1.5,0.9954317808151245
1000000,4.0e6,0.8495495495495495,1.5,0.9951585531234741
1000000,4.0e6,0.8534534534534535,1.5,0.9920823574066162
1000000,4.0e6,0.8573573573573574,1.5,0.9898914694786072
1000000,4.0e6,0.8612612612612612,1.5,0.9896618723869324
1000000,4.0e6,0.8651651651651652,1.5,0.9856522083282471
1000000,4.0e6,0.869069069069069,1.5,0.9868429899215698
1000000,4.0e6,0.8729729729729729,1.5,0.9893410205841064
1000000,4.0e6,0.8768768768768769,1.5,0.9824267029762268
1000000,4.0e6,0.8807807807807808,1.5,0.9800726771354675
1000000,4.0e6,0.8846846846846846,1.5,0.9800843596458435
1000000,4.0e6,0.8885885885885886,1.5,0.9794584512710571
1000000,4.0e6,0.8924924924924925,1.5,0.9771327972412109
1000000,4.0e6,0.8963963963963965,1.5,0.9745576977729797
1000000,4.0e6,0.9003003003003003,1.5,0.9725013375282288
1000000,4.0e6,0.9042042042042042,1.5,0.9732703566551208
1000000,4.0e6,0.908108108108108,1.5,0.9680076837539673
1000000,4.0e6,0.912012012012012,1.5,0.9718037843704224
1000000,4.0e6,0.9159159159159159,1.5,0.9721105098724365
1000000,4.0e6,0.9198198198198199,1.5,0.9642757773399353
1000000,4.0e6,0.9237237237237238,1.5,0.9672533273696899
1000000,4.0e6,0.9276276276276276,1.5,0.9648961424827576
1000000,4.0e6,0.9315315315315316,1.5,0.9622408747673035
1000000,4.0e6,0.9354354354354355,1.5,0.9625101685523987
1000000,4.0e6,0.9393393393393393,1.5,0.9566460847854614
1000000,4.0e6,0.9432432432432433,1.5,0.9610303044319153
1000000,4.0e6,0.9471471471471471,1.5,0.9561325311660767
1000000,4.0e6,0.951051051051051,1.5,0.9574615955352783
1000000,4.0e6,0.954954954954955,1.5,0.9535782933235168
1000000,4.0e6,0.9588588588588589,1.5,0.9462360143661499
1000000,4.0e6,0.9627627627627628,1.5,0.9467459917068481
1000000,4.0e6,0.9666666666666666,1.5,0.9479148983955383
1000000,4.0e6,0.9705705705705705,1.5,0.9465651512145996
1000000,4.0e6,0.9744744744744744,1.5,0.948948085308075
1000000,4.0e6,0.9783783783783784,1.5,0.9413896203041077
1000000,4.0e6,0.9822822822822823,1.5,0.9435182809829712
1000000,4.0e6,0.9861861861861863,1.5,0.9398442506790161
1000000,4.0e6,0.9900900900900901,1.5,0.9387601613998413
1000000,4.0e6,0.993993993993994,1.5,0.9382885694503784
1000000,4.0e6,0.9978978978978978,1.5,0.9342049360275269
1000000,4.0e6,1.0018018018018018,1.5,0.935265839099884
1000000,4.0e6,1.0057057057057057,1.5,0.9317998290061951
1000000,4.0e6,1.0096096096096097,1.5,0.9302085638046265
1000000,4.0e6,1.0135135135135136,1.5,0.9294381737709045
1000000,4.0e6,1.0174174174174175,1.5,0.9266734719276428
1000000,4.0e6,1.0213213213213213,1.5,0.9243602752685547
1000000,4.0e6,1.0252252252252252,1.5,0.9273300766944885
1000000,4.0e6,1.0291291291291291,1.5,0.9251105189323425
1000000,4.0e6,1.033033033033033,1.5,0.9181925654411316
1000000,4.0e6,1.036936936936937,1.5,0.9180850982666016
1000000,4.0e6,1.040840840840841,1.5,0.9195888042449951
1000000,4.0e6,1.0447447447447449,1.5,0.9156808853149414
1000000,4.0e6,1.0486486486486486,1.5,0.914447546005249
1000000,4.0e6,1.0525525525525525,1.5,0.9093771576881409
1000000,4.0e6,1.0564564564564565,1.5,0.9132992029190063
1000000,4.0e6,1.0603603603603604,1.5,0.9130688309669495
1000000,4.0e6,1.0642642642642643,1.5,0.9118470549583435
1000000,4.0e6,1.0681681681681683,1.5,0.9061867594718933
1000000,4.0e6,1.072072072072072,1.5,0.9051488041877747
1000000,4.0e6,1.0759759759759762,1.5,0.9058130979537964
1000000,4.0e6,1.0798798798798799,1.5,0.8999739289283752
1000000,4.0e6,1.0837837837837836,1.5,0.9031409025192261
1000000,4.0e6,1.0876876876876878,1.5,0.8982717394828796
1000000,4.0e6,1.0915915915915915,1.5,0.8983439803123474
1000000,4.0e6,1.0954954954954956,1.5,0.8994904160499573
1000000,4.0e6,1.0993993993993993,1.5,0.8965657353401184
1000000,4.0e6,1.1033033033033033,1.5,0.891793966293335
1000000,4.0e6,1.1072072072072072,1.5,0.8960187435150146
1000000,4.0e6,1.1111111111111112,1.5,0.891028881072998
1000000,4.0e6,1.115015015015015,1.5,0.8881698846817017
1000000,4.0e6,1.1189189189189188,1.5,0.8863577842712402
1000000,4.0e6,1.1228228228228228,1.5,0.8868080377578735
1000000,4.0e6,1.1267267267267267,1.5,0.887884259223938
1000000,4.0e6,1.1306306306306306,1.5,0.8813307285308838
1000000,4.0e6,1.1345345345345346,1.5,0.8835781216621399
1000000,4.0e6,1.1384384384384385,1.5,0.8821967840194702
1000000,4.0e6,1.1423423423423424,1.5,0.8779518604278564
1000000,4.0e6,1.1462462462462462,1.5,0.8818908929824829
1000000,4.0e6,1.15015015015015,1.5,0.8745701909065247
1000000,4.0e6,1.154054054054054,1.5,0.8765751123428345
1000000,4.0e6,1.157957957957958,1.5,0.8760854005813599
1000000,4.0e6,1.161861861861862,1.5,0.8718314170837402
1000000,4.0e6,1.1657657657657658,1.5,0.8705436587333679
1000000,4.0e6,1.1696696696696696,1.5,0.8674315214157104
1000000,4.0e6,1.1735735735735737,1.5,0.8637165427207947
1000000,4.0e6,1.1774774774774774,1.5,0.8674345016479492
1000000,4.0e6,1.1813813813813814,1.5,0.8633173704147339
1000000,4.0e6,1.1852852852852853,1.5,0.8660315275192261
1000000,4.0e6,1.189189189189189,1.5,0.8608782291412354
1000000,4.0e6,1.1930930930930932,1.5,0.8606698513031006
1000000,4.0e6,1.196996996996997,1.5,0.8610582947731018
1000000,4.0e6,1.200900900900901,1.5,0.8570024371147156
1000000,4.0e6,1.2048048048048048,1.5,0.8555790781974792
1000000,4.0e6,1.2087087087087087,1.5,0.8537838459014893
1000000,4.0e6,1.2126126126126127,1.5,0.8531136512756348
1000000,4.0e6,1.2165165165165164,1.5,0.8521779775619507
1000000,4.0e6,1.2204204204204205,1.5,0.8502429723739624
1000000,4.0e6,1.2243243243243243,1.5,0.8469672799110413
1000000,4.0e6,1.2282282282282282,1.5,0.8450983762741089
1000000,4.0e6,1.2321321321321321,1.5,0.8486406207084656
1000000,4.0e6,1.236036036036036,1.5,0.8431184887886047
1000000,4.0e6,1.23993993993994,1.5,0.8416005969047546
1000000,4.0e6,1.2438438438438437,1.5,0.8432000279426575
1000000,4.0e6,1.2477477477477477,1.5,0.8406364917755127
1000000,4.0e6,1.2516516516516516,1.5,0.8396958112716675
1000000,4.0e6,1.2555555555555555,1.5,0.8378291726112366
1000000,4.0e6,1.2594594594594595,1.5,0.8371458649635315
1000000,4.0e6,1.2633633633633634,1.5,0.8347689509391785
1000000,4.0e6,1.2672672672672673,1.5,0.8324822783470154
1000000,4.0e6,1.2711711711711713,1.5,0.8287877440452576
1000000,4.0e6,1.275075075075075,1.5,0.8292173147201538
1000000,4.0e6,1.278978978978979,1.5,0.8285049796104431
1000000,4.0e6,1.2828828828828829,1.5,0.823710024356842
1000000,4.0e6,1.2867867867867868,1.5,0.8294793963432312
1000000,4.0e6,1.2906906906906908,1.5,0.8225544691085815
1000000,4.0e6,1.2945945945945945,1.5,0.8226068019866943
1000000,4.0e6,1.2984984984984986,1.5,0.8241719007492065
1000000,4.0e6,1.3024024024024023,1.5,0.823076605796814
1000000,4.0e6,1.3063063063063063,1.5,0.8202849626541138
1000000,4.0e6,1.3102102102102102,1.5,0.8185059428215027
1000000,4.0e6,1.314114114114114,1.5,0.8170843124389648
1000000,4.0e6,1.318018018018018,1.5,0.8133563995361328
1000000,4.0e6,1.3219219219219218,1.5,0.8130784630775452
1000000,4.0e6,1.325825825825826,1.5,0.8107789754867554
1000000,4.0e6,1.3297297297297297,1.5,0.8098181486129761
1000000,4.0e6,1.3336336336336336,1.5,0.8077271580696106
1000000,4.0e6,1.3375375375375376,1.5,0.8103480339050293
1000000,4.0e6,1.3414414414414413,1.5,0.8035099506378174
1000000,4.0e6,1.3453453453453454,1.5,0.8030112385749817
1000000,4.0e6,1.3492492492492492,1.5,0.8018893003463745
1000000,4.0e6,1.353153153153153,1.5,0.8003323674201965
1000000,4.0e6,1.357057057057057,1.5,0.8028531074523926
1000000,4.0e6,1.360960960960961,1.5,0.7972654700279236
1000000,4.0e6,1.364864864864865,1.5,0.7976500391960144
1000000,4.0e6,1.3687687687687689,1.5,0.7946569919586182
1000000,4.0e6,1.3726726726726726,1.5,0.7932554483413696
1000000,4.0e6,1.3765765765765765,1.5,0.7968794703483582
1000000,4.0e6,1.3804804804804804,1.5,0.7917641401290894
1000000,4.0e6,1.3843843843843844,1.5,0.7911733388900757
1000000,4.0e6,1.3882882882882883,1.5,0.7888079881668091
1000000,4.0e6,1.3921921921921923,1.5,0.787126362323761
1000000,4.0e6,1.3960960960960962,1.5,0.7877004742622375
1000000,4.0e6,1.4,1.5,0.7830809950828552
1000000,4.0e6,1.4039039039039038,1.5,0.7853782176971436
1000000,4.0e6,1.4078078078078078,1.5,0.7821160554885864
1000000,4.0e6,1.4117117117117117,1.5,0.7802221179008484
1000000,4.0e6,1.4156156156156157,1.5,0.7816147804260254
1000000,4.0e6,1.4195195195195194,1.5,0.7781000733375549
1000000,4.0e6,1.4234234234234235,1.5,0.775854229927063
1000000,4.0e6,1.4273273273273273,1.5,0.7742652297019958
1000000,4.0e6,1.4312312312312314,1.5,0.7759191393852234
1000000,4.0e6,1.4351351351351351,1.5,0.7718232274055481
1000000,4.0e6,1.4390390390390388,1.5,0.7746562361717224
1000000,4.0e6,1.442942942942943,1.5,0.7687664031982422
1000000,4.0e6,1.4468468468468467,1.5,0.7664914727210999
1000000,4.0e6,1.4507507507507509,1.5,0.7669414281845093
1000000,4.0e6,1.4546546546546546,1.5,0.7617431879043579
1000000,4.0e6,1.4585585585585585,1.5,0.7605800032615662
1000000,4.0e6,1.4624624624624625,1.5,0.7606910467147827
1000000,4.0e6,1.4663663663663664,1.5,0.7642214894294739
1000000,4.0e6,1.4702702702702704,1.5,0.7604318857192993
1000000,4.0e6,1.474174174174174,1.5,0.758914053440094
1000000,4.0e6,1.478078078078078,1.5,0.7603909969329834
1000000,4.0e6,1.481981981981982,1.5,0.7564677000045776
1000000,4.0e6,1.4858858858858859,1.5,0.7521843314170837
1000000,4.0e6,1.4897897897897898,1.5,0.7515835165977478
1000000,4.0e6,1.4936936936936938,1.5,0.7510499954223633
1000000,4.0e6,1.4975975975975975,1.5,0.7540850639343262
1000000,4.0e6,1.5015015015015014,1.5,0.7537985444068909
1000000,4.0e6,1.5054054054054054,1.5,0.7482216954231262
1000000,4.0e6,1.5093093093093093,1.5,0.7495614290237427
1000000,4.0e6,1.5132132132132132,1.5,0.7447446584701538
1000000,4.0e6,1.5171171171171172,1.5,0.7423513531684875
1000000,4.0e6,1.521021021021021,1.5,0.7394900321960449
1000000,4.0e6,1.5249249249249248,1.5,0.7429221868515015
1000000,4.0e6,1.528828828828829,1.5,0.7395879626274109
1000000,4.0e6,1.5327327327327327,1.5,0.7425857186317444
1000000,4.0e6,1.5366366366366366,1.5,0.7399311661720276
1000000,4.0e6,1.5405405405405406,1.5,0.7353553175926208
1000000,4.0e6,1.5444444444444443,1.5,0.7357417345046997
1000000,4.0e6,1.5483483483483484,1.5,0.7328776121139526
1000000,4.0e6,1.5522522522522522,1.5,0.7311753034591675
1000000,4.0e6,1.5561561561561563,1.5,0.7331264019012451
1000000,4.0e6,1.56006006006006,1.5,0.7319337725639343
1000000,4.0e6,1.563963963963964,1.5,0.7255842685699463
1000000,4.0e6,1.567867867867868,1.5,0.7250902652740479
1000000,4.0e6,1.5717717717717716,1.5,0.7230040431022644
1000000,4.0e6,1.5756756756756758,1.5,0.7268491983413696
1000000,4.0e6,1.5795795795795795,1.5,0.7201192378997803
1000000,4.0e6,1.5834834834834834,1.5,0.7187729477882385
1000000,4.0e6,1.5873873873873874,1.5,0.7212304472923279
1000000,4.0e6,1.5912912912912913,1.5,0.7156440615653992
1000000,4.0e6,1.5951951951951953,1.5,0.7209371328353882
1000000,4.0e6,1.599099099099099,1.5,0.7193641662597656
1000000,4.0e6,1.603003003003003,1.5,0.7128657102584839
1000000,4.0e6,1.6069069069069069,1.5,0.716972291469574
1000000,4.0e6,1.6108108108108108,1.5,0.7117425799369812
1000000,4.0e6,1.6147147147147147,1.5,0.7069342136383057
1000000,4.0e6,1.6186186186186187,1.5,0.7105717658996582
1000000,4.0e6,1.6225225225225224,1.5,0.7077243328094482
1000000,4.0e6,1.6264264264264265,1.5,0.7101757526397705
1000000,4.0e6,1.6303303303303303,1.5,0.7048055529594421
1000000,4.0e6,1.6342342342342342,1.5,0.7047466039657593
1000000,4.0e6,1.6381381381381381,1.5,0.6992104649543762
1000000,4.0e6,1.642042042042042,1.5,0.7011571526527405
1000000,4.0e6,1.645945945945946,1.5,0.7011018395423889
1000000,4.0e6,1.6498498498498497,1.5,0.6974287033081055
1000000,4.0e6,1.6537537537537539,1.5,0.6954777836799622
1000000,4.0e6,1.6576576576576576,1.5,0.6963993310928345
1000000,4.0e6,1.6615615615615615,1.5,0.6950871348381042
1000000,4.0e6,1.6654654654654655,1.5,0.6915160417556763
1000000,4.0e6,1.6693693693693692,1.5,0.6940563917160034
1000000,4.0e6,1.6732732732732734,1.5,0.6897168159484863
1000000,4.0e6,1.677177177177177,1.5,0.6860224008560181
1000000,4.0e6,1.6810810810810812,1.5,0.6871131062507629
1000000,4.0e6,1.684984984984985,1.5,0.6904522180557251
1000000,4.0e6,1.6888888888888889,1.5,0.690029501914978
1000000,4.0e6,1.6927927927927928,1.5,0.6847313046455383
1000000,4.0e6,1.6966966966966965,1.5,0.6876574754714966
1000000,4.0e6,1.7006006006006007,1.5,0.6855683326721191
1000000,4.0e6,1.7045045045045044,1.5,0.6839427351951599
1000000,4.0e6,1.7084084084084084,1.5,0.6825751662254333
1000000,4.0e6,1.7123123123123123,1.5,0.6784499287605286
1000000,4.0e6,1.7162162162162162,1.5,0.6763700842857361
1000000,4.0e6,1.7201201201201202,1.5,0.6782480478286743
1000000,4.0e6,1.724024024024024,1.5,0.6753414869308472
1000000,4.0e6,1.7279279279279278,1.5,0.6721770167350769
1000000,4.0e6,1.7318318318318318,1.5,0.6722008585929871
1000000,4.0e6,1.7357357357357357,1.5,0.6720100045204163
1000000,4.0e6,1.7396396396396396,1.5,0.6751229166984558
1000000,4.0e6,1.7435435435435436,1.5,0.6688878536224365
1000000,4.0e6,1.7474474474474475,1.5,0.670073926448822
1000000,4.0e6,1.7513513513513514,1.5,0.66623854637146
1000000,4.0e6,1.7552552552552552,1.5,0.663300633430481
1000000,4.0e6,1.759159159159159,1.5,0.6660757660865784
1000000,4.0e6,1.763063063063063,1.5,0.6624637246131897
1000000,4.0e6,1.766966966966967,1.5,0.6617201566696167
1000000,4.0e6,1.770870870870871,1.5,0.6586014032363892
1000000,4.0e6,1.7747747747747746,1.5,0.6571668386459351
1000000,4.0e6,1.7786786786786788,1.5,0.6588886976242065
1000000,4.0e6,1.7825825825825825,1.5,0.6608805656433105
1000000,4.0e6,1.7864864864864867,1.5,0.6512575745582581
1000000,4.0e6,1.7903903903903904,1.5,0.6515257954597473
1000000,4.0e6,1.794294294294294,1.5,0.6501899361610413
1000000,4.0e6,1.7981981981981983,1.5,0.6547121405601501
1000000,4.0e6,1.802102102102102,1.5,0.6508586406707764
1000000,4.0e6,1.8060060060060061,1.5,0.6505011916160583
1000000,4.0e6,1.8099099099099099,1.5,0.6489134430885315
1000000,4.0e6,1.8138138138138138,1.5,0.6473029255867004
1000000,4.0e6,1.8177177177177177,1.5,0.6428646445274353
1000000,4.0e6,1.8216216216216217,1.5,0.6412378549575806
1000000,4.0e6,1.8255255255255256,1.5,0.6420212388038635
1000000,4.0e6,1.8294294294294293,1.5,0.6413953304290771
1000000,4.0e6,1.8333333333333333,1.5,0.64143967628479
1000000,4.0e6,1.8372372372372372,1.5,0.6386082172393799
1000000,4.0e6,1.8411411411411411,1.5,0.6368494629859924
1000000,4.0e6,1.845045045045045,1.5,0.6377406120300293
1000000,4.0e6,1.848948948948949,1.5,0.6356521844863892
1000000,4.0e6,1.8528528528528527,1.5,0.6347797513008118
1000000,4.0e6,1.8567567567567567,1.5,0.6297368407249451
1000000,4.0e6,1.8606606606606606,1.5,0.6330991387367249
1000000,4.0e6,1.8645645645645645,1.5,0.6317874789237976
1000000,4.0e6,1.8684684684684685,1.5,0.6314211487770081
1000000,4.0e6,1.8723723723723724,1.5,0.6269497871398926
1000000,4.0e6,1.8762762762762764,1.5,0.6324770450592041
1000000,4.0e6,1.88018018018018,1.5,0.625484824180603
1000000,4.0e6,1.8840840840840842,1.5,0.6277703642845154
1000000,4.0e6,1.887987987987988,1.5,0.6257656812667847
1000000,4.0e6,1.891891891891892,1.5,0.6250388026237488
1000000,4.0e6,1.8957957957957958,1.5,0.6240627765655518
1000000,4.0e6,1.8996996996996995,1.5,0.6205279231071472
1000000,4.0e6,1.9036036036036037,1.5,0.6144574880599976
1000000,4.0e6,1.9075075075075074,1.5,0.617495059967041
1000000,4.0e6,1.9114114114114116,1.5,0.6161404252052307
1000000,4.0e6,1.9153153153153153,1.5,0.6132924556732178
1000000,4.0e6,1.9192192192192192,1.5,0.6151458621025085
1000000,4.0e6,1.9231231231231232,1.5,0.6168302893638611
1000000,4.0e6,1.9270270270270269,1.5,0.6095606088638306
1000000,4.0e6,1.930930930930931,1.5,0.6078401207923889
1000000,4.0e6,1.9348348348348348,1.5,0.6114861965179443
1000000,4.0e6,1.9387387387387387,1.5,0.6060186624526978
1000000,4.0e6,1.9426426426426426,1.5,0.6099320650100708
1000000,4.0e6,1.9465465465465466,1.5,0.6039230823516846
1000000,4.0e6,1.9504504504504505,1.5,0.6045888662338257
1000000,4.0e6,1.9543543543543542,1.5,0.6054360866546631
1000000,4.0e6,1.9582582582582582,1.5,0.5994436144828796
1000000,4.0e6,1.962162162162162,1.5,0.5980591773986816
1000000,4.0e6,1.966066066066066,1.5,0.601243257522583
1000000,4.0e6,1.96996996996997,1.5,0.5979752540588379
1000000,4.0e6,1.973873873873874,1.5,0.5998769402503967
1000000,4.0e6,1.9777777777777776,1.5,0.5948129892349243
1000000,4.0e6,1.9816816816816818,1.5,0.5938174724578857
1000000,4.0e6,1.9855855855855855,1.5,0.5973725914955139
1000000,4.0e6,1.9894894894894897,1.5,0.5922494530677795
1000000,4.0e6,1.9933933933933934,1.5,0.5891587734222412
1000000,4.0e6,1.9972972972972973,1.5,0.5897186398506165
1000000,4.0e6,2.001201201201201,1.5,0.585457980632782
1000000,4.0e6,2.005105105105105,1.5,0.5856630802154541
1000000,4.0e6,2.009009009009009,1.5,0.5880435705184937
1000000,4.0e6,2.012912912912913,1.5,0.5838457345962524
1000000,4.0e6,2.016816816816817,1.5,0.5841280221939087
1000000,4.0e6,2.0207207207207207,1.5,0.5838771462440491
1000000,4.0e6,2.0246246246246247,1.5,0.5840867757797241
1000000,4.0e6,2.0285285285285286,1.5,0.5814914107322693
1000000,4.0e6,2.0324324324324325,1.5,0.5820789337158203
1000000,4.0e6,2.0363363363363365,1.5,0.580481231212616
1000000,4.0e6,2.0402402402402404,1.5,0.5768032670021057
1000000,4.0e6,2.044144144144144,1.5,0.5745370984077454
1000000,4.0e6,2.0480480480480483,1.5,0.5751732587814331
1000000,4.0e6,2.0519519519519522,1.5,0.5721719264984131
1000000,4.0e6,2.0558558558558557,1.5,0.5760356187820435
1000000,4.0e6,2.0597597597597597,1.5,0.5706251263618469
1000000,4.0e6,2.0636636636636636,1.5,0.5719066262245178
1000000,4.0e6,2.0675675675675675,1.5,0.5719550251960754
1000000,4.0e6,2.0714714714714715,1.5,0.5708882212638855
1000000,4.0e6,2.0753753753753754,1.5,0.5703942775726318
1000000,4.0e6,2.0792792792792794,1.5,0.5644392371177673
1000000,4.0e6,2.0831831831831833,1.5,0.5691968202590942
1000000,4.0e6,2.087087087087087,1.5,0.5610419511795044
1000000,4.0e6,2.090990990990991,1.5,0.5637837648391724
1000000,4.0e6,2.094894894894895,1.5,0.5624731779098511
1000000,4.0e6,2.0987987987987986,1.5,0.5612576603889465
1000000,4.0e6,2.1027027027027025,1.5,0.5604548454284668
1000000,4.0e6,2.1066066066066065,1.5,0.5586549639701843
1000000,4.0e6,2.110510510510511,1.5,0.5582243204116821
1000000,4.0e6,2.1144144144144144,1.5,0.5571526288986206
1000000,4.0e6,2.1183183183183183,1.5,0.5549536347389221
1000000,4.0e6,2.1222222222222222,1.5,0.5551311373710632
1000000,4.0e6,2.1261261261261257,1.5,0.5534766316413879
1000000,4.0e6,2.13003003003003,1.5,0.5531666874885559
1000000,4.0e6,2.133933933933934,1.5,0.549191951751709
1000000,4.0e6,2.137837837837838,1.5,0.550940215587616
1000000,4.0e6,2.1417417417417415,1.5,0.5503115057945251
1000000,4.0e6,2.1456456456456454,1.5,0.5474575757980347
1000000,4.0e6,2.14954954954955,1.5,0.5458589196205139
1000000,4.0e6,2.1534534534534533,1.5,0.5478842258453369
1000000,4.0e6,2.1573573573573572,1.5,0.5477601289749146
1000000,4.0e6,2.161261261261261,1.5,0.5441979169845581
1000000,4.0e6,2.165165165165165,1.5,0.5425761342048645
1000000,4.0e6,2.169069069069069,1.5,0.5413628816604614
1000000,4.0e6,2.172972972972973,1.5,0.5439812541007996
1000000,4.0e6,2.176876876876877,1.5,0.5421174764633179
1000000,4.0e6,2.180780780780781,1.5,0.5358412861824036
1000000,4.0e6,2.184684684684685,1.5,0.5356754660606384
1000000,4.0e6,2.1885885885885887,1.5,0.5382792353630066
1000000,4.0e6,2.1924924924924927,1.5,0.5356404185295105
1000000,4.0e6,2.196396396396396,1.5,0.5351186990737915
1000000,4.0e6,2.2003003003003,1.5,0.5358419418334961
1000000,4.0e6,2.2042042042042045,1.5,0.5310335755348206
1000000,4.0e6,2.2081081081081084,1.5,0.5282731652259827
1000000,4.0e6,2.212012012012012,1.5,0.5294173955917358
1000000,4.0e6,2.215915915915916,1.5,0.5289803147315979
1000000,4.0e6,2.21981981981982,1.5,0.5278516411781311
1000000,4.0e6,2.2237237237237237,1.5,0.5279903411865234
1000000,4.0e6,2.2276276276276277,1.5,0.5276899933815002
1000000,4.0e6,2.2315315315315316,1.5,0.52177494764328
1000000,4.0e6,2.2354354354354355,1.5,0.5249550938606262
1000000,4.0e6,2.239339339339339,1.5,0.5246134400367737
1000000,4.0e6,2.2432432432432434,1.5,0.5239086151123047
1000000,4.0e6,2.2471471471471474,1.5,0.5242330431938171
1000000,4.0e6,2.251051051051051,1.5,0.5170882344245911
1000000,4.0e6,2.254954954954955,1.5,0.5159836411476135
1000000,4.0e6,2.2588588588588587,1.5,0.5195324420928955
1000000,4.0e6,2.262762762762763,1.5,0.5148641467094421
1000000,4.0e6,2.2666666666666666,1.5,0.5180613398551941
1000000,4.0e6,2.2705705705705705,1.5,0.5172882676124573
1000000,4.0e6,2.2744744744744745,1.5,0.5130270719528198
1000000,4.0e6,2.2783783783783784,1.5,0.513414740562439
1000000,4.0e6,2.2822822822822824,1.5,0.5108870267868042
1000000,4.0e6,2.2861861861861863,1.5,0.5119225382804871
1000000,4.0e6,2.2900900900900902,1.5,0.5070884227752686
1000000,4.0e6,2.2939939939939937,1.5,0.5077465176582336
1000000,4.0e6,2.2978978978978977,1.5,0.5061720609664917
1000000,4.0e6,2.301801801801802,1.5,0.5081832408905029
1000000,4.0e6,2.305705705705706,1.5,0.5052745938301086
1000000,4.0e6,2.3096096096096095,1.5,0.5062930583953857
1000000,4.0e6,2.3135135135135134,1.5,0.5004052519798279
1000000,4.0e6,2.3174174174174174,1.5,0.502318799495697
1000000,4.0e6,2.3213213213213213,1.5,0.5029808282852173
1000000,4.0e6,2.3252252252252252,1.5,0.4991770386695862
1000000,4.0e6,2.329129129129129,1.5,0.49321675300598145
1000000,4.0e6,2.333033033033033,1.5,0.49595749378204346
1000000,4.0e6,2.3369369369369366,1.5,0.4947725832462311
1000000,4.0e6,2.340840840840841,1.5,0.496854305267334
1000000,4.0e6,2.344744744744745,1.5,0.4935090243816376
1000000,4.0e6,2.3486486486486484,1.5,0.4939092695713043
1000000,4.0e6,2.3525525525525524,1.5,0.4945472180843353
1000000,4.0e6,2.3564564564564563,1.5,0.49254554510116577
1000000,4.0e6,2.3603603603603607,1.5,0.49116089940071106
1000000,4.0e6,2.364264264264264,1.5,0.48723262548446655
1000000,4.0e6,2.368168168168168,1.5,0.4892697334289551
1000000,4.0e6,2.372072072072072,1.5,0.4843229651451111
1000000,4.0e6,2.375975975975976,1.5,0.48615384101867676
1000000,4.0e6,2.37987987987988,1.5,0.48184940218925476
1000000,4.0e6,2.383783783783784,1.5,0.48689723014831543
1000000,4.0e6,2.387687687687688,1.5,0.4839111864566803
1000000,4.0e6,2.3915915915915913,1.5,0.4843085706233978
1000000,4.0e6,2.3954954954954952,1.5,0.4852389991283417
1000000,4.0e6,2.3993993993993996,1.5,0.4844917058944702
1000000,4.0e6,2.4033033033033036,1.5,0.47994858026504517
1000000,4.0e6,2.407207207207207,1.5,0.4767822027206421
1000000,4.0e6,2.411111111111111,1.5,0.4772152602672577
1000000,4.0e6,2.415015015015015,1.5,0.476873517036438
1000000,4.0e6,2.418918918918919,1.5,0.4784148931503296
1000000,4.0e6,2.422822822822823,1.5,0.4755534529685974
1000000,4.0e6,2.4267267267267267,1.5,0.4717157185077667
1000000,4.0e6,2.4306306306306307,1.5,0.4714691936969757
1000000,4.0e6,2.4345345345345346,1.5,0.4680168628692627
1000000,4.0e6,2.4384384384384385,1.5,0.46994104981422424
1000000,4.0e6,2.4423423423423425,1.5,0.4706037938594818
1000000,4.0e6,2.446246246246246,1.5,0.46851539611816406
1000000,4.0e6,2.45015015015015,1.5,0.4683102071285248
1000000,4.0e6,2.4540540540540543,1.5,0.466861367225647
1000000,4.0e6,2.4579579579579582,1.5,0.46781477332115173
1000000,4.0e6,2.4618618618618617,1.5,0.46513831615448
1000000,4.0e6,2.4657657657657657,1.5,0.46706250309944153
1000000,4.0e6,2.4696696696696696,1.5,0.46825066208839417
1000000,4.0e6,2.4735735735735735,1.5,0.46383824944496155
1000000,4.0e6,2.4774774774774775,1.5,0.4622865617275238
1000000,4.0e6,2.4813813813813814,1.5,0.4614146053791046
1000000,4.0e6,2.4852852852852854,1.5,0.4619680941104889
1000000,4.0e6,2.489189189189189,1.5,0.45869264006614685
1000000,4.0e6,2.4930930930930932,1.5,0.457172155380249
1000000,4.0e6,2.496996996996997,1.5,0.457699179649353
1000000,4.0e6,2.500900900900901,1.5,0.45737749338150024
1000000,4.0e6,2.5048048048048046,1.5,0.4589693546295166
1000000,4.0e6,2.5087087087087085,1.5,0.4547521471977234
1000000,4.0e6,2.512612612612613,1.5,0.45519793033599854
1000000,4.0e6,2.5165165165165164,1.5,0.4474596083164215
1000000,4.0e6,2.5204204204204204,1.5,0.4519856870174408
1000000,4.0e6,2.5243243243243243,1.5,0.4507620334625244
1000000,4.0e6,2.5282282282282282,1.5,0.4515160918235779
1000000,4.0e6,2.532132132132132,1.5,0.4467147886753082
1000000,4.0e6,2.536036036036036,1.5,0.4471268653869629
1000000,4.0e6,2.53993993993994,1.5,0.4443374276161194
1000000,4.0e6,2.5438438438438435,1.5,0.4451046586036682
1000000,4.0e6,2.5477477477477475,1.5,0.44606876373291016
1000000,4.0e6,2.551651651651652,1.5,0.44444677233695984
1000000,4.0e6,2.555555555555556,1.5,0.4433106780052185
1000000,4.0e6,2.5594594594594593,1.5,0.44535383582115173
1000000,4.0e6,2.5633633633633632,1.5,0.44320276379585266
1000000,4.0e6,2.567267267267267,1.5,0.4380178153514862
1000000,4.0e6,2.571171171171171,1.5,0.43863821029663086
1000000,4.0e6,2.575075075075075,1.5,0.440358430147171
1000000,4.0e6,2.578978978978979,1.5,0.4401629567146301
1000000,4.0e6,2.582882882882883,1.5,0.43791940808296204
1000000,4.0e6,2.5867867867867864,1.5,0.4328981339931488
1000000,4.0e6,2.590690690690691,1.5,0.4340860843658447
1000000,4.0e6,2.5945945945945947,1.5,0.43436330556869507
1000000,4.0e6,2.5984984984984987,1.5,0.4344848692417145
1000000,4.0e6,2.602402402402402,1.5,0.43054190278053284
1000000,4.0e6,2.606306306306306,1.5,0.43311256170272827
1000000,4.0e6,2.6102102102102105,1.5,0.4287683069705963
1000000,4.0e6,2.614114114114114,1.5,0.4284210503101349
1000000,4.0e6,2.618018018018018,1.5,0.4288876950740814
1000000,4.0e6,2.621921921921922,1.5,0.4291684627532959
1000000,4.0e6,2.625825825825826,1.5,0.43298575282096863
1000000,4.0e6,2.6297297297297297,1.5,0.4280393123626709
1000000,4.0e6,2.6336336336336337,1.5,0.42789486050605774
1000000,4.0e6,2.6375375375375376,1.5,0.4208192229270935
1000000,4.0e6,2.641441441441441,1.5,0.42592158913612366
1000000,4.0e6,2.645345345345345,1.5,0.4201274812221527
1000000,4.0e6,2.6492492492492494,1.5,0.4183216691017151
1000000,4.0e6,2.6531531531531534,1.5,0.42203688621520996
1000000,4.0e6,2.657057057057057,1.5,0.41972091794013977
1000000,4.0e6,2.660960960960961,1.5,0.4215191900730133
1000000,4.0e6,2.664864864864865,1.5,0.418601393699646
1000000,4.0e6,2.6687687687687687,1.5,0.4179777503013611
1000000,4.0e6,2.6726726726726726,1.5,0.4171903729438782
1000000,4.0e6,2.6765765765765765,1.5,0.414615660905838
1000000,4.0e6,2.6804804804804805,1.5,0.4151709973812103
1000000,4.0e6,2.6843843843843844,1.5,0.4131278097629547
1000000,4.0e6,2.6882882882882884,1.5,0.4158378839492798
1000000,4.0e6,2.6921921921921923,1.5,0.4136476218700409
1000000,4.0e6,2.6960960960960962,1.5,0.41235116124153137
1000000,4.0e6,2.6999999999999997,1.5,0.407707542181015
1000000,4.0e6,2.703903903903904,1.5,0.40892690420150757
1000000,4.0e6,2.707807807807808,1.5,0.4080066680908203
1000000,4.0e6,2.7117117117117115,1.5,0.4068051874637604
1000000,4.0e6,2.7156156156156155,1.5,0.40737539529800415
1000000,4.0e6,2.7195195195195194,1.5,0.40520280599594116
1000000,4.0e6,2.723423423423424,1.5,0.4066094756126404
1000000,4.0e6,2.7273273273273273,1.5,0.4053493142127991
1000000,4.0e6,2.7312312312312312,1.5,0.4034298360347748
1000000,4.0e6,2.735135135135135,1.5,0.40235742926597595
1000000,4.0e6,2.7390390390390387,1.5,0.4030524492263794
1000000,4.0e6,2.742942942942943,1.5,0.40239375829696655
1000000,4.0e6,2.746846846846847,1.5,0.40221479535102844
1000000,4.0e6,2.750750750750751,1.5,0.39889049530029297
1000000,4.0e6,2.7546546546546544,1.5,0.39953628182411194
1000000,4.0e6,2.7585585585585584,1.5,0.3944603502750397
1000000,4.0e6,2.7624624624624627,1.5,0.3981061577796936
1000000,4.0e6,2.7663663663663662,1.5,0.3962671458721161
1000000,4.0e6,2.77027027027027,1.5,0.39310726523399353
1000000,4.0e6,2.774174174174174,1.5,0.3956664800643921
1000000,4.0e6,2.778078078078078,1.5,0.396344393491745
1000000,4.0e6,2.781981981981982,1.5,0.3928529918193817
1000000,4.0e6,2.785885885885886,1.5,0.39205223321914673
1000000,4.0e6,2.78978978978979,1.5,0.39028477668762207
1000000,4.0e6,2.793693693693694,1.5,0.3935125768184662
1000000,4.0e6,2.7975975975975973,1.5,0.38695502281188965
1000000,4.0e6,2.8015015015015017,1.5,0.3865439295768738
1000000,4.0e6,2.8054054054054056,1.5,0.389432817697525
1000000,4.0e6,2.809309309309309,1.5,0.3869234621524811
1000000,4.0e6,2.813213213213213,1.5,0.38562241196632385
1000000,4.0e6,2.817117117117117,1.5,0.38599953055381775
1000000,4.0e6,2.8210210210210214,1.5,0.38539478182792664
1000000,4.0e6,2.824924924924925,1.5,0.38514554500579834
1000000,4.0e6,2.828828828828829,1.5,0.38419175148010254
1000000,4.0e6,2.8327327327327327,1.5,0.38280805945396423
1000000,4.0e6,2.8366366366366362,1.5,0.38162222504615784
1000000,4.0e6,2.8405405405405406,1.5,0.38253775238990784
1000000,4.0e6,2.8444444444444446,1.5,0.3793450593948364
1000000,4.0e6,2.8483483483483485,1.5,0.37917760014533997
1000000,4.0e6,2.852252252252252,1.5,0.3779492974281311
1000000,4.0e6,2.856156156156156,1.5,0.37739166617393494
1000000,4.0e6,2.8600600600600603,1.5,0.3765670359134674
1000000,4.0e6,2.863963963963964,1.5,0.374661386013031
1000000,4.0e6,2.8678678678678677,1.5,0.37630704045295715
1000000,4.0e6,2.8717717717717717,1.5,0.3734690845012665
1000000,4.0e6,2.8756756756756756,1.5,0.3748553395271301
1000000,4.0e6,2.8795795795795796,1.5,0.3722018897533417
1000000,4.0e6,2.8834834834834835,1.5,0.3682832717895508
1000000,4.0e6,2.8873873873873874,1.5,0.37127944827079773
1000000,4.0e6,2.8912912912912914,1.5,0.3712848722934723
1000000,4.0e6,2.895195195195195,1.5,0.37143421173095703
1000000,4.0e6,2.8990990990990992,1.5,0.3681441843509674
1000000,4.0e6,2.903003003003003,1.5,0.36606723070144653
1000000,4.0e6,2.9069069069069067,1.5,0.3646451234817505
1000000,4.0e6,2.9108108108108106,1.5,0.36559706926345825
1000000,4.0e6,2.914714714714715,1.5,0.3685992360115051
1000000,4.0e6,2.918618618618619,1.5,0.36549562215805054
1000000,4.0e6,2.9225225225225224,1.5,0.36592406034469604
1000000,4.0e6,2.9264264264264264,1.5,0.36578577756881714
1000000,4.0e6,2.9303303303303303,1.5,0.36424294114112854
1000000,4.0e6,2.9342342342342342,1.5,0.36090588569641113
1000000,4.0e6,2.938138138138138,1.5,0.36008596420288086
1000000,4.0e6,2.942042042042042,1.5,0.3611043691635132
1000000,4.0e6,2.945945945945946,1.5,0.3605295717716217
1000000,4.0e6,2.9498498498498495,1.5,0.35749366879463196
1000000,4.0e6,2.953753753753754,1.5,0.3571334481239319
1000000,4.0e6,2.957657657657658,1.5,0.3580617308616638
1000000,4.0e6,2.9615615615615614,1.5,0.35647740960121155
1000000,4.0e6,2.9654654654654653,1.5,0.35574424266815186
1000000,4.0e6,2.9693693693693692,1.5,0.3553615212440491
1000000,4.0e6,2.9732732732732736,1.5,0.35374802350997925
1000000,4.0e6,2.977177177177177,1.5,0.35492077469825745
1000000,4.0e6,2.981081081081081,1.5,0.35250240564346313
1000000,4.0e6,2.984984984984985,1.5,0.3517475128173828
1000000,4.0e6,2.988888888888889,1.5,0.3521796464920044
1000000,4.0e6,2.992792792792793,1.5,0.35112544894218445
1000000,4.0e6,2.996696696696697,1.5,0.3514844477176666
1000000,4.0e6,3.0006006006006007,1.5,0.3506672978401184
1000000,4.0e6,3.0045045045045042,1.5,0.34831202030181885
1000000,4.0e6,3.008408408408408,1.5,0.34920167922973633
1000000,4.0e6,3.0123123123123126,1.5,0.34702134132385254
1000000,4.0e6,3.0162162162162165,1.5,0.3446827828884125
1000000,4.0e6,3.02012012012012,1.5,0.34443867206573486
1000000,4.0e6,3.024024024024024,1.5,0.3428499698638916
1000000,4.0e6,3.027927927927928,1.5,0.3423231542110443
1000000,4.0e6,3.031831831831832,1.5,0.34360846877098083
1000000,4.0e6,3.0357357357357357,1.5,0.3441799581050873
1000000,4.0e6,3.0396396396396397,1.5,0.34277793765068054
1000000,4.0e6,3.0435435435435436,1.5,0.3378103971481323
1000000,4.0e6,3.047447447447447,1.5,0.3400796949863434
1000000,4.0e6,3.0513513513513515,1.5,0.34035903215408325
1000000,4.0e6,3.0552552552552554,1.5,0.34032300114631653
1000000,4.0e6,3.059159159159159,1.5,0.34102192521095276
1000000,4.0e6,3.063063063063063,1.5,0.33576011657714844
1000000,4.0e6,3.066966966966967,1.5,0.3366382122039795
1000000,4.0e6,3.070870870870871,1.5,0.33680614829063416
1000000,4.0e6,3.0747747747747747,1.5,0.33619099855422974
1000000,4.0e6,3.0786786786786786,1.5,0.3355945944786072
1000000,4.0e6,3.0825825825825826,1.5,0.33206021785736084
1000000,4.0e6,3.0864864864864865,1.5,0.3339650630950928
1000000,4.0e6,3.0903903903903904,1.5,0.33266133069992065
1000000,4.0e6,3.0942942942942944,1.5,0.331119567155838
1000000,4.0e6,3.0981981981981983,1.5,0.33364352583885193
1000000,4.0e6,3.102102102102102,1.5,0.3295893967151642
1000000,4.0e6,3.1060060060060057,1.5,0.3295373320579529
1000000,4.0e6,3.10990990990991,1.5,0.32980164885520935
1000000,4.0e6,3.113813813813814,1.5,0.32762500643730164
1000000,4.0e6,3.1177177177177176,1.5,0.3275757431983948
1000000,4.0e6,3.1216216216216215,1.5,0.32761651277542114
1000000,4.0e6,3.1255255255255254,1.5,0.32762855291366577
1000000,4.0e6,3.1294294294294294,1.5,0.32687079906463623
1000000,4.0e6,3.1333333333333333,1.5,0.32346320152282715
1000000,4.0e6,3.1372372372372372,1.5,0.32580602169036865
1000000,4.0e6,3.141141141141141,1.5,0.3219207525253296
1000000,4.0e6,3.1450450450450447,1.5,0.32269150018692017
1000000,4.0e6,3.148948948948949,1.5,0.3208780884742737
1000000,4.0e6,3.152852852852853,1.5,0.32310813665390015
1000000,4.0e6,3.1567567567567565,1.5,0.3205527663230896
1000000,4.0e6,3.1606606606606604,1.5,0.3209351897239685
1000000,4.0e6,3.164564564564565,1.5,0.31857287883758545
1000000,4.0e6,3.1684684684684687,1.5,0.3182697892189026
1000000,4.0e6,3.1723723723723722,1.5,0.3191072642803192
1000000,4.0e6,3.176276276276276,1.5,0.31784650683403015
1000000,4.0e6,3.18018018018018,1.5,0.3166249692440033
1000000,4.0e6,3.1840840840840845,1.5,0.3167521357536316
1000000,4.0e6,3.187987987987988,1.5,0.31604018807411194
1000000,4.0e6,3.191891891891892,1.5,0.3161783218383789
1000000,4.0e6,3.195795795795796,1.5,0.31363558769226074
1000000,4.0e6,3.1996996996996994,1.5,0.3156052827835083
1000000,4.0e6,3.2036036036036037,1.5,0.31261810660362244
1000000,4.0e6,3.2075075075075077,1.5,0.31173262000083923
1000000,4.0e6,3.2114114114114116,1.5,0.3150923550128937
1000000,4.0e6,3.215315315315315,1.5,0.3123181164264679
1000000,4.0e6,3.219219219219219,1.5,0.3085092604160309
1000000,4.0e6,3.2231231231231234,1.5,0.31094396114349365
1000000,4.0e6,3.227027027027027,1.5,0.30717170238494873
1000000,4.0e6,3.230930930930931,1.5,0.3053845763206482
1000000,4.0e6,3.234834834834835,1.5,0.31037214398384094
1000000,4.0e6,3.2387387387387387,1.5,0.30704382061958313
1000000,4.0e6,3.2426426426426427,1.5,0.3049676716327667
1000000,4.0e6,3.2465465465465466,1.5,0.3065035343170166
1000000,4.0e6,3.2504504504504506,1.5,0.30397942662239075
1000000,4.0e6,3.254354354354354,1.5,0.3065805435180664
1000000,4.0e6,3.258258258258258,1.5,0.30451926589012146
1000000,4.0e6,3.2621621621621624,1.5,0.30380702018737793
1000000,4.0e6,3.2660660660660663,1.5,0.30429205298423767
1000000,4.0e6,3.26996996996997,1.5,0.3021200895309448
1000000,4.0e6,3.2738738738738737,1.5,0.29994258284568787
1000000,4.0e6,3.2777777777777777,1.5,0.29987403750419617
1000000,4.0e6,3.281681681681682,1.5,0.3028480112552643
1000000,4.0e6,3.2855855855855856,1.5,0.2984638214111328
1000000,4.0e6,3.2894894894894895,1.5,0.2967057526111603
1000000,4.0e6,3.2933933933933934,1.5,0.29977425932884216
1000000,4.0e6,3.297297297297297,1.5,0.29746174812316895
1000000,4.0e6,3.3012012012012013,1.5,0.29642388224601746
1000000,4.0e6,3.3051051051051052,1.5,0.29755261540412903
1000000,4.0e6,3.309009009009009,1.5,0.2951643764972687
1000000,4.0e6,3.3129129129129127,1.5,0.2939996123313904
1000000,4.0e6,3.3168168168168166,1.5,0.29362988471984863
1000000,4.0e6,3.320720720720721,1.5,0.29365095496177673
1000000,4.0e6,3.3246246246246245,1.5,0.2929190397262573
1000000,4.0e6,3.3285285285285284,1.5,0.2936911880970001
1000000,4.0e6,3.3324324324324324,1.5,0.2928606867790222
1000000,4.0e6,3.3363363363363363,1.5,0.2928644120693207
1000000,4.0e6,3.3402402402402402,1.5,0.29026779532432556
1000000,4.0e6,3.344144144144144,1.5,0.2900083363056183
1000000,4.0e6,3.348048048048048,1.5,0.28914517164230347
1000000,4.0e6,3.3519519519519516,1.5,0.2884361445903778
1000000,4.0e6,3.3558558558558556,1.5,0.2887149453163147
1000000,4.0e6,3.35975975975976,1.5,0.28699901700019836
1000000,4.0e6,3.363663663663664,1.5,0.28796130418777466
1000000,4.0e6,3.3675675675675674,1.5,0.2883465588092804
1000000,4.0e6,3.3714714714714713,1.5,0.2880173623561859
1000000,4.0e6,3.3753753753753752,1.5,0.28567764163017273
1000000,4.0e6,3.3792792792792796,1.5,0.28481853008270264
1000000,4.0e6,3.383183183183183,1.5,0.28448155522346497
1000000,4.0e6,3.387087087087087,1.5,0.28376904129981995
1000000,4.0e6,3.390990990990991,1.5,0.28282201290130615
1000000,4.0e6,3.394894894894895,1.5,0.28217142820358276
1000000,4.0e6,3.398798798798799,1.5,0.28206732869148254
1000000,4.0e6,3.402702702702703,1.5,0.2800441086292267
1000000,4.0e6,3.4066066066066067,1.5,0.27983298897743225
1000000,4.0e6,3.4105105105105102,1.5,0.27983957529067993
1000000,4.0e6,3.4144144144144146,1.5,0.27976056933403015
1000000,4.0e6,3.4183183183183186,1.5,0.2775844633579254
1000000,4.0e6,3.422222222222222,1.5,0.2778826951980591
1000000,4.0e6,3.426126126126126,1.5,0.27933642268180847
1000000,4.0e6,3.43003003003003,1.5,0.2734057605266571
1000000,4.0e6,3.4339339339339343,1.5,0.2798726260662079
1000000,4.0e6,3.437837837837838,1.5,0.27663424611091614
1000000,4.0e6,3.4417417417417417,1.5,0.2735160291194916
1000000,4.0e6,3.4456456456456457,1.5,0.2780248820781708
1000000,4.0e6,3.449549549549549,1.5,0.2744627892971039
1000000,4.0e6,3.4534534534534536,1.5,0.27324792742729187
1000000,4.0e6,3.4573573573573575,1.5,0.27142247557640076
1000000,4.0e6,3.4612612612612614,1.5,0.2707795202732086
1000000,4.0e6,3.465165165165165,1.5,0.27240225672721863
1000000,4.0e6,3.469069069069069,1.5,0.2712969183921814
1000000,4.0e6,3.4729729729729732,1.5,0.2706322968006134
1000000,4.0e6,3.476876876876877,1.5,0.2730785608291626
1000000,4.0e6,3.4807807807807807,1.5,0.27010947465896606
1000000,4.0e6,3.4846846846846846,1.5,0.27060604095458984
1000000,4.0e6,3.4885885885885886,1.5,0.2686702311038971
1000000,4.0e6,3.4924924924924925,1.5,0.2679523527622223
1000000,4.0e6,3.4963963963963964,1.5,0.2683253288269043
1000000,4.0e6,3.5003003003003004,1.5,0.26794418692588806
1000000,4.0e6,3.5042042042042043,1.5,0.26522016525268555
1000000,4.0e6,3.508108108108108,1.5,0.2659108638763428
1000000,4.0e6,3.512012012012012,1.5,0.2652384042739868
1000000,4.0e6,3.515915915915916,1.5,0.265532523393631
1000000,4.0e6,3.5198198198198196,1.5,0.2634507417678833
1000000,4.0e6,3.5237237237237236,1.5,0.265941858291626
1000000,4.0e6,3.5276276276276275,1.5,0.2611270546913147
1000000,4.0e6,3.531531531531532,1.5,0.26207301020622253
1000000,4.0e6,3.5354354354354354,1.5,0.2598575949668884
1000000,4.0e6,3.5393393393393393,1.5,0.2611714005470276
1000000,4.0e6,3.5432432432432432,1.5,0.2580256462097168
1000000,4.0e6,3.5471471471471467,1.5,0.26248523592948914
1000000,4.0e6,3.551051051051051,1.5,0.25795868039131165
1000000,4.0e6,3.554954954954955,1.5,0.2578866183757782
1000000,4.0e6,3.558858858858859,1.5,0.25541216135025024
1000000,4.0e6,3.5627627627627625,1.5,0.2581639885902405
1000000,4.0e6,3.5666666666666664,1.5,0.2573096454143524
1000000,4.0e6,3.570570570570571,1.5,0.25675344467163086
1000000,4.0e6,3.5744744744744747,1.5,0.2557833194732666
1000000,4.0e6,3.5783783783783782,1.5,0.2552524209022522
1000000,4.0e6,3.582282282282282,1.5,0.2547819912433624
1000000,4.0e6,3.586186186186186,1.5,0.25344759225845337
1000000,4.0e6,3.59009009009009,1.5,0.2561172544956207
1000000,4.0e6,3.593993993993994,1.5,0.25512441992759705
1000000,4.0e6,3.597897897897898,1.5,0.25075823068618774
1000000,4.0e6,3.601801801801802,1.5,0.25177013874053955
1000000,4.0e6,3.6057057057057054,1.5,0.2528607249259949
1000000,4.0e6,3.6096096096096097,1.5,0.2512491047382355
1000000,4.0e6,3.6135135135135137,1.5,0.2509075403213501
1000000,4.0e6,3.617417417417417,1.5,0.2490536868572235
1000000,4.0e6,3.621321321321321,1.5,0.2507140338420868
1000000,4.0e6,3.625225225225225,1.5,0.2510238587856293
1000000,4.0e6,3.6291291291291294,1.5,0.24912378191947937
1000000,4.0e6,3.633033033033033,1.5,0.2500874102115631
1000000,4.0e6,3.636936936936937,1.5,0.24844639003276825
1000000,4.0e6,3.640840840840841,1.5,0.24651722609996796
1000000,4.0e6,3.6447447447447447,1.5,0.2479643076658249
1000000,4.0e6,3.6486486486486487,1.5,0.2456817328929901
1000000,4.0e6,3.6525525525525526,1.5,0.24677573144435883
1000000,4.0e6,3.6564564564564566,1.5,0.2452259510755539
1000000,4.0e6,3.66036036036036,1.5,0.24474404752254486
1000000,4.0e6,3.6642642642642644,1.5,0.24633416533470154
1000000,4.0e6,3.6681681681681684,1.5,0.24525710940361023
1000000,4.0e6,3.6720720720720723,1.5,0.2434244006872177
1000000,4.0e6,3.675975975975976,1.5,0.24120141565799713
1000000,4.0e6,3.6798798798798797,1.5,0.24315212666988373
1000000,4.0e6,3.683783783783784,1.5,0.2439468652009964
1000000,4.0e6,3.6876876876876876,1.5,0.24300917983055115
1000000,4.0e6,3.6915915915915916,1.5,0.2391139417886734
1000000,4.0e6,3.6954954954954955,1.5,0.2413162738084793
1000000,4.0e6,3.6993993993993994,1.5,0.2409183233976364
1000000,4.0e6,3.7033033033033034,1.5,0.2398168444633484
1000000,4.0e6,3.7072072072072073,1.5,0.23774869740009308
1000000,4.0e6,3.7111111111111112,1.5,0.2380954474210739
1000000,4.0e6,3.7150150150150147,1.5,0.23587779700756073
1000000,4.0e6,3.7189189189189187,1.5,0.2356504648923874
1000000,4.0e6,3.722822822822823,1.5,0.23868289589881897
1000000,4.0e6,3.726726726726727,1.5,0.23586519062519073
1000000,4.0e6,3.7306306306306305,1.5,0.23607127368450165
1000000,4.0e6,3.7345345345345344,1.5,0.23508578538894653
1000000,4.0e6,3.7384384384384384,1.5,0.23389221727848053
1000000,4.0e6,3.7423423423423423,1.5,0.2368936687707901
1000000,4.0e6,3.7462462462462462,1.5,0.23420806229114532
1000000,4.0e6,3.75015015015015,1.5,0.2353598177433014
1000000,4.0e6,3.754054054054054,1.5,0.23317526280879974
1000000,4.0e6,3.7579579579579576,1.5,0.23189114034175873
1000000,4.0e6,3.761861861861862,1.5,0.23360617458820343
1000000,4.0e6,3.765765765765766,1.5,0.23197489976882935
1000000,4.0e6,3.76966966966967,1.5,0.23020415008068085
1000000,4.0e6,3.7735735735735734,1.5,0.23072901368141174
1000000,4.0e6,3.7774774774774773,1.5,0.2312394380569458
1000000,4.0e6,3.7813813813813817,1.5,0.22983019053936005
1000000,4.0e6,3.785285285285285,1.5,0.22899825870990753
1000000,4.0e6,3.789189189189189,1.5,0.22784821689128876
1000000,4.0e6,3.793093093093093,1.5,0.22804012894630432
1000000,4.0e6,3.796996996996997,1.5,0.22705192863941193
1000000,4.0e6,3.800900900900901,1.5,0.22620069980621338
1000000,4.0e6,3.804804804804805,1.5,0.2266780436038971
1000000,4.0e6,3.808708708708709,1.5,0.22477717697620392
1000000,4.0e6,3.8126126126126123,1.5,0.22822442650794983
1000000,4.0e6,3.8165165165165162,1.5,0.2252156138420105
1000000,4.0e6,3.8204204204204206,1.5,0.22473599016666412
1000000,4.0e6,3.8243243243243246,1.5,0.22728808224201202
1000000,4.0e6,3.828228228228228,1.5,0.2226950228214264
1000000,4.0e6,3.832132132132132,1.5,0.22362886369228363
1000000,4.0e6,3.836036036036036,1.5,0.22242148220539093
1000000,4.0e6,3.83993993993994,1.5,0.2234714925289154
1000000,4.0e6,3.843843843843844,1.5,0.221841961145401
1000000,4.0e6,3.8477477477477477,1.5,0.22413915395736694
1000000,4.0e6,3.8516516516516517,1.5,0.21987468004226685
1000000,4.0e6,3.855555555555555,1.5,0.22251467406749725
1000000,4.0e6,3.8594594594594596,1.5,0.22193849086761475
1000000,4.0e6,3.8633633633633635,1.5,0.21912440657615662
1000000,4.0e6,3.8672672672672674,1.5,0.22178515791893005
1000000,4.0e6,3.871171171171171,1.5,0.2185671031475067
1000000,4.0e6,3.875075075075075,1.5,0.21920956671237946
1000000,4.0e6,3.8789789789789793,1.5,0.21958546340465546
1000000,4.0e6,3.8828828828828827,1.5,0.21777229011058807
1000000,4.0e6,3.8867867867867867,1.5,0.2171536535024643
1000000,4.0e6,3.8906906906906906,1.5,0.2168615162372589
1000000,4.0e6,3.894594594594595,1.5,0.2168576419353485
1000000,4.0e6,3.8984984984984985,1.5,0.21499839425086975
1000000,4.0e6,3.9024024024024024,1.5,0.21754339337348938
1000000,4.0e6,3.9063063063063064,1.5,0.21466057002544403
1000000,4.0e6,3.91021021021021,1.5,0.21391816437244415
1000000,4.0e6,3.9141141141141143,1.5,0.21413812041282654
1000000,4.0e6,3.918018018018018,1.5,0.21333689987659454
1000000,4.0e6,3.921921921921922,1.5,0.2123599499464035
1000000,4.0e6,3.9258258258258256,1.5,0.21379995346069336
1000000,4.0e6,3.9297297297297296,1.5,0.21378585696220398
1000000,4.0e6,3.933633633633634,1.5,0.21203693747520447
1000000,4.0e6,3.9375375375375374,1.5,0.2114400416612625
1000000,4.0e6,3.9414414414414414,1.5,0.21187204122543335
1000000,4.0e6,3.9453453453453453,1.5,0.20989692211151123
1000000,4.0e6,3.9492492492492492,1.5,0.2105686366558075
1000000,4.0e6,3.953153153153153,1.5,0.21175114810466766
1000000,4.0e6,3.957057057057057,1.5,0.2094324380159378
1000000,4.0e6,3.960960960960961,1.5,0.2089473009109497
1000000,4.0e6,3.964864864864865,1.5,0.2080141007900238
1000000,4.0e6,3.9687687687687685,1.5,0.20751233398914337
1000000,4.0e6,3.972672672672673,1.5,0.20938599109649658
1000000,4.0e6,3.976576576576577,1.5,0.208362877368927
1000000,4.0e6,3.9804804804804803,1.5,0.20675063133239746
1000000,4.0e6,3.9843843843843842,1.5,0.20621061325073242
1000000,4.0e6,3.988288288288288,1.5,0.20660707354545593
1000000,4.0e6,3.9921921921921926,1.5,0.20518037676811218
1000000,4.0e6,3.996096096096096,1.5,0.20549994707107544
1000000,4.0e6,4.0,1.5,0.2043934166431427
